{"PR": {"mediana": 650, "media": 648.9612940496822, "desvio_padrao": 98.60718591309755}, "RS": {"mediana": 650, "media": 651.1051428571428, "desvio_padrao": 95.1365984138358}, "SC": {"mediana": 653, "media": 649.5376527422563, "desvio_padrao": 97.23349279343314}}